{"cameraMode":{"drawMode":0,"name":"Shaded","section":"Shading Mode"},"sceneLighting":true,"audioPlay":false,"sceneViewState":{"m_AlwaysRefresh":false,"showFog":true,"showSkybox":true,"showFlares":true,"showImageEffects":true,"showParticleSystems":true,"showVisualEffectGraphs":true,"m_FxEnabled":true},"in2DMode":false,"pivot":{"x":0.6019155979156494,"y":-0.1494436264038086,"z":-5.629230499267578},"rotation":{"x":-0.37208130955696108,"y":-0.01615205593407154,"z":0.006473601330071688,"w":-0.928041398525238},"size":5.107395172119141,"orthographic":false}